"time"	"packet"	
2.87116	1	
3.1592	1	
6.54793	1	
10.8939	1	
11.2238	1	
11.7814	1	
13.7069	1	
24.522	1	
26.1968	1	
26.6443	1	
31.0121	1	
43.8634	1	
44.9496	1	
58.4078	1	
64.3125	1	
67.4081	1	
75.0122	1	
75.9415	1	
80.9445	1	
82.9644	1	
86.4989	1	
88.0658	1	
88.6451	1	
99.8867	1	
