"time"	"packet"	
2.22447	1	
4.74288	1	
5.87783	1	
6.28834	1	
14.4964	1	
16.5681	1	
17.2052	1	
18.7432	1	
19.7585	1	
21.7991	1	
22.4604	1	
28.1167	1	
28.8324	1	
32.7061	1	
37.9569	1	
39.0946	1	
41.0082	1	
47.3621	1	
59.132	1	
62.3964	1	
62.6997	1	
64.4445	1	
66.3921	1	
68.3301	1	
68.5437	1	
69.8401	1	
74.3813	1	
77.1304	1	
77.1539	1	
87.7954	1	
87.8246	1	
92.7653	1	
94.0232	1	
95.9241	1	
97.2333	1	
